{
    "Degree Centrality": {
        "Hamlet": 0.775,
        "King Claudius": 0.7250000000000001,
        "Queen Gertrude": 0.75,
        "Horatio": 0.775,
        "Polonius": 0.55,
        "Laertes": 0.525,
        "Ophelia": 0.35000000000000003,
        "Bernardo": 0.35000000000000003,
        "Francisco": 0.15000000000000002,
        "Marcellus": 0.35000000000000003,
        "Ghost": 0.2,
        "King Fortinbras": 0.15000000000000002,
        "Voltimand": 0.4,
        "Lords": 0.275,
        "Attendants": 0.4,
        "Rosencrantz": 0.45,
        "Guildenstern": 0.45,
        "Ambassadors from Norway": 0.0,
        "Players": 0.275,
        "First Player": 0.4,
        "Reynaldo": 0.05,
        "Lucianus": 0.275,
        "Player King": 0.275,
        "Player Queen": 0.275,
        "Captain": 0.1,
        "Gentlemen": 0.0,
        "Servant": 0.05,
        "First Sailor": 0.05,
        "First Clown": 0.17500000000000002,
        "Second Clown": 0.17500000000000002,
        "Priest": 0.17500000000000002,
        "First Ambassador": 0.2,
        "Osric": 0.2,
        "A Lord": 0.2,
        "Cornelius": 0.4,
        "Messenger": 0.07500000000000001,
        "Fortinbras": 0.275,
        "Ladies": 0.0,
        "Sailors": 0.0,
        "Ambassadors": 0.275,
        "Gentleman": 0.125
    },
    "Betweenness Centrality": {
        "Hamlet": 0.10568083709486426,
        "King Claudius": 0.07103159870128195,
        "Queen Gertrude": 0.08052370915493089,
        "Horatio": 0.16605108775923255,
        "Polonius": 0.042853072853072854,
        "Laertes": 0.03470962546754402,
        "Ophelia": 0.019819243936891,
        "Bernardo": 0.0071118624964778806,
        "Francisco": 0.0,
        "Marcellus": 0.0071118624964778806,
        "Ghost": 0.001589180050718512,
        "King Fortinbras": 0.0,
        "Voltimand": 0.004075600325600326,
        "Lords": 0.0,
        "Attendants": 0.004075600325600326,
        "Rosencrantz": 0.013859351432880845,
        "Guildenstern": 0.013859351432880845,
        "Ambassadors from Norway": 0.0,
        "Players": 0.0,
        "First Player": 0.004104090354090354,
        "Reynaldo": 0.0,
        "Lucianus": 0.0,
        "Player King": 0.0,
        "Player Queen": 0.0,
        "Captain": 0.0,
        "Gentlemen": 0.0,
        "Servant": 0.0,
        "First Sailor": 0.0,
        "First Clown": 0.0,
        "Second Clown": 0.0,
        "Priest": 0.0,
        "First Ambassador": 0.0,
        "Osric": 0.0,
        "A Lord": 0.0,
        "Cornelius": 0.004075600325600326,
        "Messenger": 0.0,
        "Fortinbras": 0.006647812971342384,
        "Ladies": 0.0,
        "Sailors": 0.0,
        "Ambassadors": 0.0,
        "Gentleman": 0.0
    },
    "Closeness Centrality": {
        "Hamlet": 0.7902439024390244,
        "King Claudius": 0.7534883720930233,
        "Queen Gertrude": 0.7714285714285714,
        "Horatio": 0.7902439024390244,
        "Polonius": 0.648,
        "Laertes": 0.6352941176470589,
        "Ophelia": 0.5586206896551724,
        "Bernardo": 0.5586206896551724,
        "Francisco": 0.47647058823529415,
        "Marcellus": 0.5586206896551724,
        "Ghost": 0.50625,
        "King Fortinbras": 0.47647058823529415,
        "Voltimand": 0.5785714285714286,
        "Lords": 0.5311475409836066,
        "Attendants": 0.5785714285714286,
        "Rosencrantz": 0.6,
        "Guildenstern": 0.6,
        "Ambassadors from Norway": 0.0,
        "Players": 0.5142857142857142,
        "First Player": 0.5785714285714286,
        "Reynaldo": 0.39036144578313253,
        "Lucianus": 0.5311475409836066,
        "Player King": 0.5311475409836066,
        "Player Queen": 0.5311475409836066,
        "Captain": 0.4438356164383562,
        "Gentlemen": 0.0,
        "Servant": 0.432,
        "First Sailor": 0.432,
        "First Clown": 0.4909090909090909,
        "Second Clown": 0.4909090909090909,
        "Priest": 0.4909090909090909,
        "First Ambassador": 0.4984615384615385,
        "Osric": 0.4984615384615385,
        "A Lord": 0.4984615384615385,
        "Cornelius": 0.5785714285714286,
        "Messenger": 0.432,
        "Fortinbras": 0.5225806451612903,
        "Ladies": 0.0,
        "Sailors": 0.0,
        "Ambassadors": 0.5142857142857142,
        "Gentleman": 0.47647058823529415
    },
    "Communities": {
        "Hamlet": 6,
        "King Claudius": 7,
        "Queen Gertrude": 7,
        "Horatio": 6,
        "Polonius": 2,
        "Laertes": 7,
        "Ophelia": 2,
        "Bernardo": 6,
        "Francisco": 6,
        "Marcellus": 6,
        "Ghost": 6,
        "King Fortinbras": 6,
        "Voltimand": 3,
        "Lords": 3,
        "Attendants": 3,
        "Rosencrantz": 2,
        "Guildenstern": 2,
        "Ambassadors from Norway": 4,
        "Players": 3,
        "First Player": 2,
        "Reynaldo": 2,
        "Lucianus": 2,
        "Player King": 2,
        "Player Queen": 2,
        "Captain": 2,
        "Gentlemen": 5,
        "Servant": 6,
        "First Sailor": 6,
        "First Clown": 7,
        "Second Clown": 7,
        "Priest": 7,
        "First Ambassador": 7,
        "Osric": 7,
        "A Lord": 7,
        "Cornelius": 3,
        "Messenger": 7,
        "Fortinbras": 7,
        "Ladies": 0,
        "Sailors": 1,
        "Ambassadors": 3,
        "Gentleman": 7
    },
    "Local clustering": {
        "Hamlet": 0.4064516129032258,
        "King Claudius": 0.43842364532019706,
        "Queen Gertrude": 0.4206896551724138,
        "Horatio": 0.36989247311827955,
        "Polonius": 0.6017316017316018,
        "Laertes": 0.49047619047619045,
        "Ophelia": 0.7142857142857143,
        "Bernardo": 0.7582417582417582,
        "Francisco": 1.0,
        "Marcellus": 0.7582417582417582,
        "Ghost": 0.8571428571428571,
        "King Fortinbras": 1.0,
        "Voltimand": 0.8166666666666667,
        "Lords": 1.0,
        "Attendants": 0.8166666666666667,
        "Rosencrantz": 0.6928104575163399,
        "Guildenstern": 0.6928104575163399,
        "Ambassadors from Norway": 0,
        "Players": 1.0,
        "First Player": 0.8166666666666667,
        "Reynaldo": 1.0,
        "Lucianus": 1.0,
        "Player King": 1.0,
        "Player Queen": 1.0,
        "Captain": 1.0,
        "Gentlemen": 0,
        "Servant": 1.0,
        "First Sailor": 1.0,
        "First Clown": 1.0,
        "Second Clown": 1.0,
        "Priest": 1.0,
        "First Ambassador": 1.0,
        "Osric": 1.0,
        "A Lord": 1.0,
        "Cornelius": 0.8166666666666667,
        "Messenger": 1.0,
        "Fortinbras": 0.7272727272727273,
        "Ladies": 0,
        "Sailors": 0,
        "Ambassadors": 1.0,
        "Gentleman": 1.0
    },
    "Eigenvector Centrality": {
        "Hamlet": 0.2933621011190928,
        "King Claudius": 0.2848802846190291,
        "Queen Gertrude": 0.29016451843396546,
        "Horatio": 0.2798513952674229,
        "Polonius": 0.24486747302688092,
        "Laertes": 0.20810342543592097,
        "Ophelia": 0.16520824229979608,
        "Bernardo": 0.16453508348689458,
        "Francisco": 0.06338447626367655,
        "Marcellus": 0.16453508348689458,
        "Ghost": 0.09359215269458762,
        "King Fortinbras": 0.06338447626367655,
        "Voltimand": 0.20381522340393177,
        "Lords": 0.15209341431553292,
        "Attendants": 0.20381522340393177,
        "Rosencrantz": 0.20930582777005824,
        "Guildenstern": 0.20930582777005824,
        "Ambassadors from Norway": 3.4564060903605627e-15,
        "Players": 0.14909882523126824,
        "First Player": 0.19928180512922447,
        "Reynaldo": 0.024538047491536097,
        "Lucianus": 0.14792383378007795,
        "Player King": 0.14792383378007795,
        "Player Queen": 0.14792383378007795,
        "Captain": 0.050221660626980184,
        "Gentlemen": 3.4564060903605627e-15,
        "Servant": 0.017811670813487737,
        "First Sailor": 0.017811670813487737,
        "First Clown": 0.09219619399782279,