{
    "Degree Centrality": {
        "Hamlet": 0.18421052631578946,
        "King Claudius": 0.15789473684210525,
        "Queen Gertrude": 0.05263157894736842,
        "Horatio": 0.02631578947368421,
        "Polonius": 0.10526315789473684,
        "Laertes": 0.05263157894736842,
        "Ophelia": 0.07894736842105263,
        "Bernardo": 0.0,
        "Francisco": 0.0,
        "Marcellus": 0.0,
        "Ghost": 0.05263157894736842,
        "King Fortinbras": 0.02631578947368421,
        "Voltimand": 0.0,
        "Lords": 0.0,
        "Attendants": 0.0,
        "Rosencrantz": 0.05263157894736842,
        "Guildenstern": 0.05263157894736842,
        "Ambassadors from Norway": 0.0,
        "Players": 0.0,
        "First Player": 0.0,
        "Reynaldo": 0.02631578947368421,
        "Lucianus": 0.0,
        "Player King": 0.0,
        "Player Queen": 0.0,
        "Captain": 0.0,
        "Gentlemen": 0.0,
        "Servant": 0.0,
        "First Sailor": 0.0,
        "First Clown": 0.0,
        "Second Clown": 0.0,
        "Priest": 0.0,
        "First Ambassador": 0.0,
        "Osric": 0.0,
        "A Lord": 0.0,
        "Cornelius": 0.0,
        "Messenger": 0.0,
        "Fortinbras": 0.02631578947368421,
        "Ladies": 0.0,
        "Sailors": 0.0
    },
    "Betweenness Centrality": {
        "Hamlet": 0.026315789473684213,
        "King Claudius": 0.021337126600284497,
        "Queen Gertrude": 0.0,
        "Horatio": 0.0,
        "Polonius": 0.017780938833570414,
        "Laertes": 0.0,
        "Ophelia": 0.008534850640113799,
        "Bernardo": 0.0,
        "Francisco": 0.0,
        "Marcellus": 0.0,
        "Ghost": 0.0,
        "King Fortinbras": 0.0,
        "Voltimand": 0.0,
        "Lords": 0.0,
        "Attendants": 0.0,
        "Rosencrantz": 0.0,
        "Guildenstern": 0.0,
        "Ambassadors from Norway": 0.0,
        "Players": 0.0,
        "First Player": 0.0,
        "Reynaldo": 0.0,
        "Lucianus": 0.0,
        "Player King": 0.0,
        "Player Queen": 0.0,
        "Captain": 0.0,
        "Gentlemen": 0.0,
        "Servant": 0.0,
        "First Sailor": 0.0,
        "First Clown": 0.0,
        "Second Clown": 0.0,
        "Priest": 0.0,
        "First Ambassador": 0.0,
        "Osric": 0.0,
        "A Lord": 0.0,
        "Cornelius": 0.0,
        "Messenger": 0.0,
        "Fortinbras": 0.0,
        "Ladies": 0.0,
        "Sailors": 0.0
    },
    "Closeness Centrality": {
        "Hamlet": 0.18796992481203006,
        "King Claudius": 0.18796992481203006,
        "Queen Gertrude": 0.13157894736842105,
        "Horatio": 0.11441647597254004,
        "Polonius": 0.1547987616099071,
        "Laertes": 0.11441647597254004,
        "Ophelia": 0.1547987616099071,
        "Bernardo": 0.0,
        "Francisco": 0.0,
        "Marcellus": 0.0,
        "Ghost": 0.13157894736842105,
        "King Fortinbras": 0.02631578947368421,
        "Voltimand": 0.0,
        "Lords": 0.0,
        "Attendants": 0.0,
        "Rosencrantz": 0.13157894736842105,
        "Guildenstern": 0.13157894736842105,
        "Ambassadors from Norway": 0.0,
        "Players": 0.0,
        "First Player": 0.0,
        "Reynaldo": 0.10121457489878542,
        "Lucianus": 0.0,
        "Player King": 0.0,
        "Player Queen": 0.0,
        "Captain": 0.0,
        "Gentlemen": 0.0,
        "Servant": 0.0,
        "First Sailor": 0.0,
        "First Clown": 0.0,
        "Second Clown": 0.0,
        "Priest": 0.0,
        "First Ambassador": 0.0,
        "Osric": 0.0,
        "A Lord": 0.0,
        "Cornelius": 0.0,
        "Messenger": 0.0,
        "Fortinbras": 0.02631578947368421,
        "Ladies": 0.0,
        "Sailors": 0.0
    },
    "Communities": {
        "Hamlet": 0,
        "King Claudius": 0,
        "Queen Gertrude": 0,
        "Horatio": 0,
        "Polonius": 2,
        "Laertes": 2,
        "Ophelia": 2,
        "Bernardo": 3,
        "Francisco": 4,
        "Marcellus": 5,
        "Ghost": 0,
        "King Fortinbras": 6,
        "Voltimand": 7,
        "Lords": 8,
        "Attendants": 9,
        "Rosencrantz": 0,
        "Guildenstern": 0,
        "Ambassadors from Norway": 10,
        "Players": 11,
        "First Player": 12,
        "Reynaldo": 2,
        "Lucianus": 13,
        "Player King": 14,
        "Player Queen": 15,
        "Captain": 16,
        "Gentlemen": 17,
        "Servant": 18,
        "First Sailor": 19,
        "First Clown": 20,
        "Second Clown": 21,
        "Priest": 22,
        "First Ambassador": 23,
        "Osric": 24,
        "A Lord": 25,
        "Cornelius": 26,
        "Messenger": 27,
        "Fortinbras": 6,
        "Ladies": 28,
        "Sailors": 1
    },
    "Local clustering": {
        "Hamlet": 0.19047619047619047,
        "King Claudius": 0.26666666666666666,
        "Queen Gertrude": 1.0,
        "Horatio": 0,
        "Polonius": 0.16666666666666666,
        "Laertes": 1.0,
        "Ophelia": 0.3333333333333333,
        "Bernardo": 0,
        "Francisco": 0,
        "Marcellus": 0,
        "Ghost": 1.0,
        "King Fortinbras": 0,
        "Voltimand": 0,
        "Lords": 0,
        "Attendants": 0,
        "Rosencrantz": 1.0,
        "Guildenstern": 1.0,
        "Ambassadors from Norway": 0,
        "Players": 0,
        "First Player": 0,
        "Reynaldo": 0,
        "Lucianus": 0,
        "Player King": 0,
        "Player Queen": 0,
        "Captain": 0,
        "Gentlemen": 0,
        "Servant": 0,
        "First Sailor": 0,
        "First Clown": 0,
        "Second Clown": 0,
        "Priest": 0,
        "First Ambassador": 0,
        "Osric": 0,
        "A Lord": 0,
        "Cornelius": 0,
        "Messenger": 0,
        "Fortinbras": 0,
        "Ladies": 0,
        "Sailors": 0
    }
}